station_id,longitude,latitude,slow_count,fast_count,charge_count,TAZID
1001,113.784724,22.714121,20,0,20,559
1002,113.785002,22.7259,22,0,22,558
1003,113.787971,22.735538,6,0,6,558
1004,113.788126,22.693449,6,5,11,596
1005,113.788126,22.693449,6,5,11,596
1006,113.790987,22.731351,10,0,10,594
1007,113.790987,22.731351,10,0,10,594
1008,113.791756,22.698816,38,6,44,596
1009,113.794798,22.716747,0,72,72,595
1010,113.794798,22.716747,0,72,72,595
1011,113.795042,22.716825,0,65,65,595
1012,113.795042,22.716825,0,65,65,595
1013,113.796557,22.728199,28,0,28,594
1014,113.802875,22.689785,12,0,12,598
1015,113.804285,22.743436,12,0,12,587
1016,113.806076,22.673562,22,0,22,553
1017,113.806362,22.747566,6,0,6,587
1018,113.813599,22.77499,6,0,6,576
1019,113.813758,22.668147,13,0,13,552
1020,113.813758,22.668147,13,0,13,552
1021,113.813893,22.732382,12,0,12,588
1022,113.814009,22.732434,12,0,12,588
1023,113.814083,22.773128,0,32,32,576
1024,113.814433,22.773105,0,38,38,576
1025,113.814433,22.773105,0,24,24,576
1026,113.814433,22.773105,0,62,62,576
1027,113.81453,22.73241,17,0,17,588
1028,113.814955,22.734709,12,0,12,587
1029,113.81544,22.70772,0,78,78,592
1030,113.81544,22.70772,0,78,78,592
1031,113.816086,22.735424,12,0,12,587
1032,113.816457,22.737977,10,0,10,587
1033,113.816864,22.732245,38,0,38,588
1034,113.816864,22.732245,33,0,33,588
1035,113.816868,22.659092,36,0,36,552
1036,113.816951,22.732771,55,0,55,588
1037,113.816951,22.732771,55,0,55,588
1038,113.816985,22.733921,76,4,80,587
1039,113.816985,22.733921,75,4,79,587
1040,113.817222,22.703489,0,10,10,592
1041,113.819553,22.747975,12,0,12,585
1042,113.819783,22.771169,19,0,19,576
1043,113.822971,22.768229,15,0,15,576
1044,113.823965,22.731323,6,0,6,584
1045,113.824374,22.647778,0,36,36,1029
1046,113.824877,22.763476,0,30,30,580
1047,113.82565,22.727942,20,0,20,589
1048,113.82565,22.727942,20,0,20,589
1049,113.825795,22.733191,8,0,8,584
1050,113.826349,22.716272,5,5,10,589
1051,113.827284,22.672488,15,0,15,1028
1052,113.8273,22.752012,8,0,8,580
1053,113.82838,22.728282,0,6,6,589
1054,113.82838,22.728282,12,0,12,589
1055,113.82838,22.728282,11,0,11,589
1056,113.828819,22.71482,4,0,4,589
1057,113.829524,22.771198,0,17,17,575
1058,113.829739,22.7304,24,0,24,584
1059,113.829771,22.722116,22,0,22,589
1060,113.829897,22.732951,17,0,17,584
1061,113.830914,22.720581,5,5,10,589
1062,113.832054,22.713874,12,0,12,582
1063,113.832858,22.724242,1,0,1,589
1064,113.833016,22.722722,12,0,12,589
1065,113.833452,22.727181,4,0,4,589
1066,113.833747,22.721038,10,0,10,589
1067,113.833747,22.721038,10,0,10,589
1068,113.83419,22.71301,12,0,12,582
1069,113.834711,22.641907,82,0,82,1031
1070,113.834711,22.641907,82,0,82,1031
1071,113.834988,22.634927,18,0,18,1031
1072,113.835707,22.600407,14,0,14,520
1073,113.837596,22.633479,12,0,12,1031
1074,113.837761,22.742158,12,0,12,580
1075,113.83804,22.625504,4,14,18,1031
1076,113.838491,22.605773,98,0,98,520
1077,113.838491,22.605773,98,0,98,520
1078,113.839593,22.671026,0,50,50,1032
1079,113.840037,22.637503,15,0,15,1031
1080,113.840979,22.63656,12,0,12,1031
1081,113.841113,22.637101,6,0,6,1031
1082,113.841307,22.606709,11,0,11,522
1083,113.841307,22.606709,11,0,11,522
1084,113.841443,22.636479,3,0,3,1031
1085,113.841816,22.606214,6,0,6,522
1086,113.842376,22.637693,18,0,18,1031
1087,113.842774,22.7206,0,6,6,582
1088,113.84363,22.726903,8,0,8,582
1089,113.843983,22.595693,12,0,12,520
1090,113.846998,22.602568,9,0,9,522
1091,113.846998,22.602568,9,0,9,522
1092,113.847282,22.609198,0,6,6,522
1093,113.847831,22.602124,0,6,6,519
1094,113.847831,22.602124,0,6,6,519
1095,113.848038,22.572502,12,0,12,527
1096,113.848326,22.572635,42,0,42,527
1097,113.84901,22.781845,24,0,24,577
1098,113.84918,22.57424,38,0,38,527
1099,113.84918,22.57424,38,0,38,527
1100,113.849604,22.572622,24,0,24,527
1101,113.850125,22.564051,1,0,1,503
1102,113.850167,22.593366,12,0,12,519
1103,113.85186,22.605827,3,0,3,519
1104,113.852514,22.603132,6,0,6,519
1105,113.853058,22.766131,12,0,12,578
1106,113.853433,22.71356,0,50,50,601
1107,113.854665,22.611685,13,0,13,522
1108,113.854733,22.562281,2,2,4,503
1109,113.855179,22.611119,13,0,13,522
1110,113.855278,22.566642,30,0,30,526
1111,113.855288,22.607174,16,0,16,519
1112,113.855303,22.611936,13,0,13,513
1113,113.855363,22.601238,6,0,6,519
1114,113.855363,22.601238,6,0,6,519
1115,113.855391,22.57092,26,0,26,526
1116,113.855772,22.609421,34,0,34,522
1117,113.855971,22.611978,13,0,13,513
1118,113.856007,22.612175,13,0,13,513
1119,113.856092,22.612233,12,0,12,513
1120,113.856308,22.730137,12,0,12,601
1121,113.856741,22.56679,75,0,75,526
1122,113.857057,22.61084,16,0,16,513
1123,113.85752,22.567721,3,0,3,526
1124,113.857879,22.568642,6,0,6,526
1125,113.857964,22.772703,9,0,9,570
1126,113.858087,22.586088,35,6,41,519
1127,113.858206,22.575802,30,0,30,527
1128,113.85828,22.773103,12,0,12,570
1129,113.85835,22.585807,13,0,13,519
1130,113.858483,22.613352,6,0,6,513
1131,113.858895,22.582831,36,0,36,527
1132,113.858895,22.582831,36,0,36,527
1133,113.859011,22.765804,0,12,12,573
1134,113.859057,22.615196,24,0,24,529
1135,113.859428,22.612197,11,0,11,513
1136,113.859444,22.570953,18,0,18,526
1137,113.859834,22.576519,12,0,12,526
1138,113.860658,22.601418,26,0,26,519
1139,113.860693,22.575073,6,0,6,526
1140,113.861156,22.612196,12,0,12,513
1141,113.861193,22.615941,12,0,12,529
1142,113.861715,22.584554,12,0,12,519
1143,113.862252,22.615362,12,0,12,529
1144,113.86248,22.572367,13,0,13,526
1145,113.862667,22.583094,0,45,45,519
1146,113.862667,22.583094,0,8,8,519
1147,113.863014,22.62068,12,0,12,513
1148,113.863634,22.585192,0,15,15,519
1149,113.863746,22.583958,23,0,23,519
1150,113.863746,22.583958,23,0,23,519
1151,113.863889,22.750932,12,0,12,583
1152,113.864019,22.615153,12,0,12,513
1153,113.864087,22.613655,12,0,12,513
1154,113.864171,22.575448,14,0,14,526
1155,113.864174,22.625239,64,7,71,516
1156,113.864174,22.625239,64,7,71,516
1157,113.86469,22.781156,0,20,20,627
1158,113.86469,22.781156,0,20,20,627
1159,113.86469,22.781156,0,20,20,627
1160,113.864792,22.572926,3,0,3,526
1161,113.864927,22.613987,6,0,6,513
1162,113.865948,22.645428,0,36,36,1032
1163,113.866441,22.567589,41,0,41,526
1164,113.866689,22.618444,30,0,30,513
1165,113.866916,22.617125,18,0,18,513
1166,113.867031,22.565063,12,0,12,526
1167,113.867368,22.558873,34,0,34,502
1168,113.867697,22.614744,6,0,6,513
1169,113.867997,22.614925,6,0,6,513
1170,113.868041,22.618818,36,0,36,513
1171,113.868041,22.618818,36,0,36,513
1172,113.868511,22.585276,6,0,6,519
1173,113.868922,22.578733,4,0,4,528
1174,113.869585,22.575159,3,0,3,526
1175,113.869808,22.554753,31,0,31,502
1176,113.87032,22.818918,20,0,20,568
1177,113.871624,22.774995,22,0,22,631
1178,113.871956,22.565009,12,0,12,525
1179,113.872893,22.563818,18,0,18,525
1180,113.872897,22.582368,10,0,10,528
1181,113.87297,22.58233,7,0,7,528
1182,113.873174,22.554965,6,0,6,502
1183,113.874326,22.560145,18,0,18,525
1184,113.874488,22.555719,6,0,6,502
1185,113.874745,22.561911,18,0,18,525
1186,113.875053,22.766308,12,0,12,638
1187,113.875174,22.572823,12,0,12,528
1188,113.876044,22.667544,0,20,20,1032
1189,113.876102,22.55507,39,0,39,502
1190,113.876173,22.55723,18,0,18,502
1191,113.876198,22.769367,6,0,6,631
1192,113.876688,22.583731,12,0,12,512
1193,113.877582,22.560468,12,0,12,525
1194,113.877991,22.589083,3,0,3,512
1195,113.878191,22.553755,36,0,36,501
1196,113.878549,22.559228,12,0,12,525
1197,113.879062,22.587126,12,0,12,512
1198,113.880254,22.547034,6,0,6,501
1199,113.881923,22.563732,6,0,6,525
1200,113.88261,22.58015,0,40,40,512
1201,113.883162,22.766258,12,0,12,655
1202,113.883376,22.46557,6,0,6,311
1203,113.883397,22.583217,3,0,3,512
1204,113.883612,22.513823,24,0,24,1015
1205,113.884043,22.478603,12,0,12,311
1206,113.885401,22.592395,2,0,2,512
1207,113.8859,22.791784,20,0,20,632
1208,113.886103,22.509264,36,0,36,1015
1209,113.886352,22.567454,2,0,2,1097
1210,113.886492,22.5875,32,0,32,512
1211,113.886492,22.5875,32,0,32,512
1212,113.886514,22.508678,24,0,24,1015
1213,113.886698,22.510958,12,0,12,1015
1214,113.887207,22.768778,0,6,6,631
1215,113.887207,22.768778,0,6,6,631
1216,113.887339,22.588945,12,0,12,512
1217,113.88751,22.582992,2,0,2,512
1218,113.887706,22.509936,24,0,24,1015
1219,113.88807,22.765746,12,0,12,655
1220,113.888291,22.489926,10,0,10,310
1221,113.888291,22.50086,30,0,30,309
1222,113.888342,22.549722,2,0,2,501
1223,113.888424,22.583437,4,0,4,512
1224,113.888679,22.734406,9,0,9,637
1225,113.889006,22.582289,12,0,12,508
1226,113.889454,22.55822,1,0,1,501
1227,113.889517,22.557863,2,0,2,501
1228,113.889609,22.559026,2,0,2,1098
1229,113.889665,22.781237,0,6,6,630
1230,113.88969,22.586028,3,0,3,512
1231,113.89019,22.569999,3,0,3,508
1232,113.890581,22.591628,1,0,1,512
1233,113.890616,22.561747,2,0,2,1098
1234,113.890783,22.717825,12,0,12,643
1235,113.890871,22.581447,12,0,12,508
1236,113.890974,22.581663,12,0,12,508
1237,113.891257,22.747052,10,0,10,638
1238,113.891401,22.563311,6,0,6,1098
1239,113.891552,22.562918,6,0,6,1098
1240,113.891701,22.573339,6,0,6,508
1241,113.892007,22.498369,16,0,16,309
1242,113.892075,22.724006,0,10,10,637
1243,113.89208,22.487667,12,0,12,311
1244,113.89208,22.487667,12,0,12,311
1245,113.892121,22.576463,6,0,6,508
1246,113.892155,22.7236,6,0,6,637
1247,113.89237,22.48691,12,0,12,311
1248,113.892424,22.724037,17,10,27,637
1249,113.892526,22.730822,10,0,10,637
1250,113.892546,22.49712,12,0,12,309
1251,113.892555,22.730455,0,24,24,637
1252,113.892681,22.497826,20,0,20,309
1253,113.89343,22.484426,22,0,22,311
1254,113.893699,22.575293,13,0,13,508
1255,113.893792,22.557794,6,0,6,1098
1256,113.893869,22.723424,6,0,6,643
1257,113.893979,22.578202,12,0,12,508
1258,113.894683,22.589161,9,0,9,511
1259,113.895002,22.492468,0,8,8,309
1260,113.895179,22.498206,2,0,2,309
1261,113.895929,22.563381,0,12,12,1098
1262,113.896128,22.502636,12,0,12,309
1263,113.896238,22.563403,0,26,26,1098
1264,113.899427,22.564527,6,0,6,506
1265,113.899894,22.67147,45,0,45,645
1266,113.899904,22.717609,12,4,16,643
1267,113.899904,22.717609,11,4,15,643
1268,113.900938,22.550857,4,0,4,316
1269,113.901823,22.573362,0,66,66,506
1270,113.903102,22.766764,20,0,20,633
1271,113.903382,22.766855,30,0,30,633
1272,113.903528,22.786988,6,0,6,632
1273,113.904298,22.569964,15,0,15,506
1274,113.904372,22.768992,0,32,32,633
1275,113.904602,22.573709,6,0,6,506
1276,113.904779,22.510387,24,0,24,1067
1277,113.905269,22.786451,4,0,4,632
1278,113.905534,22.569345,8,0,8,506
1279,113.906083,22.573103,11,0,11,506
1280,113.908087,22.57373,97,0,97,506
1281,113.908757,22.555893,6,0,6,320
1282,113.908961,22.718273,12,0,12,640
1283,113.909934,22.513671,4,0,4,1067
1284,113.910139,22.514319,12,0,12,1067
1285,113.910772,22.776858,4,0,4,629
1286,113.911116,22.594547,6,0,6,511
1287,113.911335,22.531456,12,0,12,1095
1288,113.911597,22.532642,3,0,3,1095
1289,113.911978,22.51569,6,0,6,1068
1290,113.91205,22.530845,3,0,3,1095
1291,113.912084,22.516591,12,0,12,1066
1292,113.912133,22.559756,3,0,3,320
1293,113.912189,22.529525,3,0,3,1095
1294,113.912663,22.512402,9,0,9,1067
1295,113.912693,22.530817,8,0,8,1095
1296,113.913198,22.492013,12,0,12,1082
1297,113.913198,22.492013,12,0,12,1082
1298,113.913398,22.525096,3,0,3,1066
1299,113.9135,22.518234,7,0,7,1066
1300,113.913595,22.572866,2,7,9,506
1301,113.913753,22.572331,10,0,10,506
1302,113.913782,22.523645,9,0,9,1066
1303,113.91395,22.584374,0,30,30,509
1304,113.914255,22.490043,16,0,16,1081
1305,113.914417,22.528957,10,0,10,1096
1306,113.914551,22.479532,15,0,15,1081
1307,113.914678,22.513683,64,0,64,1068
1308,113.914747,22.511467,24,0,24,1068
1309,113.914835,22.529224,12,0,12,1096
1310,113.914917,22.512397,6,0,6,1068
1311,113.915048,22.515114,9,0,9,1068
1312,113.915138,22.478934,10,0,10,1081
1313,113.915138,22.478934,10,0,10,1081
1314,113.915283,22.570783,10,0,10,320
1315,113.915393,22.524048,1,0,1,1066
1316,113.915536,22.511462,12,0,12,1068
1317,113.915755,22.52505,4,0,4,1066
1318,113.915928,22.480345,6,0,6,1081
1319,113.916115,22.501733,24,0,24,309
1320,113.916163,22.553335,16,0,16,1075
1321,113.916485,22.497377,9,0,9,1082
1322,113.917103,22.526818,2,0,2,1066
1323,113.917463,22.573683,6,0,6,320
1324,113.917544,22.532962,15,0,15,1096
1325,113.917778,22.506186,12,0,12,309
1326,113.917899,22.536825,6,0,6,1074
1327,113.91798,22.531951,12,0,12,1096
1328,113.918138,22.526382,2,0,2,1066
1329,113.918524,22.517326,6,0,6,1068
1330,113.918816,22.757591,0,53,53,633
1331,113.919052,22.552793,6,0,6,1076
1332,113.919175,22.538244,2,0,2,1074
1333,113.919356,22.540094,24,0,24,1074
1334,113.919439,22.526032,4,0,4,1068
1335,113.919662,22.522678,3,0,3,1068
1336,113.919848,22.514157,4,0,4,1068
1337,113.92004,22.486376,8,0,8,1083
1338,113.92004,22.486376,8,0,8,1083
1339,113.92015,22.505631,24,0,24,1092
1340,113.920228,22.535621,39,0,39,1074
1341,113.920625,22.554441,46,0,46,1076
1342,113.920728,22.554594,36,0,36,1076
1343,113.920728,22.554594,36,0,36,1076
1344,113.920759,22.512573,12,0,12,1068
1345,113.920825,22.493997,6,0,6,1093
1346,113.920836,22.524964,6,0,6,1068
1347,113.920863,22.513684,4,0,4,1068
1348,113.92127,22.67241,0,9,9,649
1349,113.921492,22.516192,43,4,47,1068
1350,113.921492,22.516192,40,4,44,1068
1351,113.921713,22.527513,1,0,1,1096
1352,113.921721,22.528602,1,0,1,1096
1353,113.922034,22.531533,12,0,12,1096
1354,113.922767,22.663999,2,0,2,649
1355,113.92279,22.519846,2,0,2,1068
1356,113.922847,22.533784,3,0,3,1096
1357,113.922874,22.537369,14,0,14,1074
1358,113.922874,22.537369,14,0,14,1074
1359,113.923038,22.518393,4,0,4,1085
1360,113.923273,22.765474,18,0,18,659
1361,113.923676,22.509203,10,0,10,1088
1362,113.92368,22.693836,20,0,20,647
1363,113.923788,22.576558,3,0,3,958
1364,113.923885,22.527438,4,0,4,1096
1365,113.923943,22.515938,2,0,2,1088
1366,113.923972,22.549065,12,0,12,1076
1367,113.924005,22.573024,12,0,12,958
1368,113.924005,22.573024,12,0,12,958
1369,113.924017,22.522602,12,0,12,1085
1370,113.924036,22.51264,19,0,19,1088
1371,113.924111,22.523311,18,0,18,1068
1372,113.924145,22.511704,32,0,32,1088
1373,113.924843,22.524123,12,0,12,1085
1374,113.925063,22.536271,6,0,6,1074
1375,113.925073,22.577021,12,0,12,958
1376,113.92523,22.724682,0,12,12,641
1377,113.925335,22.546315,12,0,12,1076
1378,113.925543,22.514911,62,8,70,1088
1379,113.925543,22.514911,61,8,69,1088
1380,113.925598,22.511655,41,0,41,1088
1381,113.925598,22.511655,41,0,41,1088
1382,113.925693,22.536136,1,0,1,1074
1383,113.92571,22.524621,16,0,16,1085
1384,113.925772,22.541289,9,0,9,1074
1385,113.925772,22.541289,9,0,9,1074
1386,113.926594,22.529337,1,0,1,326
1387,113.926702,22.510845,6,0,6,1088
1388,113.927038,22.545685,6,0,6,1076
1389,113.927137,22.520885,15,0,15,1085
1390,113.9273,22.52641,10,0,10,326
1391,113.927618,22.526743,6,0,6,326
1392,113.927741,22.542353,12,0,12,326
1393,113.927825,22.582072,14,0,14,958
1394,113.927825,22.582072,14,0,14,958
1395,113.928113,22.515384,7,0,7,1087
1396,113.928222,22.513089,3,0,3,1087
1397,113.92833,22.544127,5,0,5,324
1398,113.928477,22.51441,6,0,6,1087
1399,113.928609,22.517165,12,0,12,1087
1400,113.928799,22.551563,6,0,6,1076
1401,113.92893,22.505508,34,0,34,1090
1402,113.929134,22.549984,3,0,3,324
1403,113.929314,22.663549,0,6,6,628
1404,113.929314,22.663549,0,6,6,628
1405,113.929574,22.520275,15,0,15,1086
1406,113.929574,22.520275,15,0,15,1086
1407,113.93005,22.519667,3,0,3,1086
1408,113.930055,22.718044,0,10,10,641
1409,113.930231,22.512993,12,0,12,1087
1410,113.930444,22.526115,6,0,6,1071
1411,113.930472,22.54242,6,0,6,326
1412,113.930998,22.512933,12,0,12,1087
1413,113.930999,22.549061,6,0,6,324
1414,113.931223,22.493366,6,0,6,1094
1415,113.931272,22.516818,12,0,12,1087
1416,113.931405,22.494167,12,0,12,1094
1417,113.931863,22.512717,6,0,6,1087
1418,113.932639,22.549004,5,0,5,324
1419,113.932763,22.479237,36,0,36,1083
1420,113.932805,22.542201,41,0,41,326
1421,113.9337,22.543519,17,0,17,324
1422,113.9337,22.543519,17,0,17,324
1423,113.933986,22.56042,12,0,12,321
1424,113.934828,22.560364,3,0,3,321
1425,113.935049,22.545405,10,0,10,324
1426,113.935285,22.545938,23,0,23,324
1427,113.935285,22.545938,22,0,22,324
1428,113.935363,22.557731,17,0,17,321
1429,113.935913,22.519999,6,0,6,347
1430,113.935979,22.544466,76,0,76,324
1431,113.93615,22.495288,6,0,6,307
1432,113.936238,22.631763,11,8,19,346
1433,113.936246,22.494419,4,0,4,307
1434,113.936386,22.606571,0,32,32,346
1435,113.936433,22.543427,4,0,4,324
1436,113.936525,22.627451,11,8,19,346
1437,113.937247,22.630207,22,2,24,346
1438,113.937247,22.630207,22,2,24,346
1439,113.93734,22.520385,6,0,6,347
1440,113.937401,22.520969,12,0,12,347
1441,113.93798,22.751792,20,0,20,656
1442,113.938007,22.558819,12,0,12,321
1443,113.938292,22.752069,30,0,30,656
1444,113.938413,22.626858,5,0,5,346
1445,113.938953,22.506216,18,0,18,307
1446,113.938953,22.506216,18,0,18,307
1447,113.93911,22.499241,12,0,12,307
1448,113.939111,22.501351,12,0,12,307
1449,113.939339,22.502577,12,0,12,307
1450,113.939946,22.540639,30,0,30,326
1451,113.94009,22.553153,10,0,10,324
1452,113.940103,22.503192,14,0,14,307
1453,113.940834,22.533622,66,0,66,1071
1454,113.941112,22.526563,16,0,16,1072
1455,113.941112,22.526563,37,0,37,1072
1456,113.941143,22.526476,6,0,6,1072
1457,113.941143,22.526476,4,0,4,1072
1458,113.941234,22.500391,12,0,12,307
1459,113.941249,22.497786,6,0,6,307
1460,113.941449,22.500517,3,0,3,307
1461,113.941527,22.499616,6,0,6,307
1462,113.941577,22.519504,1,0,1,347
1463,113.941856,22.561369,20,22,42,322
1464,113.941996,22.491271,16,0,16,307
1465,113.942028,22.494838,6,0,6,307
1466,113.942558,22.56701,8,0,8,336
1467,113.942789,22.53293,13,0,13,1072
1468,113.943023,22.492329,12,0,12,307
1469,113.943556,22.5029,30,0,30,307
1470,113.943587,22.51877,5,0,5,347
1471,113.944227,22.526603,12,0,12,1072
1472,113.944887,22.541484,6,0,6,325
1473,113.945267,22.586323,12,0,12,339
1474,113.946449,22.534182,10,0,10,1072
1475,113.946877,22.581589,4,0,4,958
1476,113.946999,22.530724,10,0,10,1072
1477,113.947256,22.546191,41,0,41,323
1478,113.947256,22.546191,39,0,39,323
1479,113.947264,22.581847,4,0,4,958
1480,113.949093,22.541131,18,0,18,325
1481,113.950002,22.768149,12,0,12,1060
1482,113.950235,22.520467,99,0,99,348
1483,113.950512,22.540999,6,0,6,325
1484,113.950976,22.52246,33,0,33,348
1485,113.951133,22.557102,33,0,33,322
1486,113.95116,22.539155,17,0,17,325
1487,113.95116,22.539155,15,0,15,325
1488,113.951557,22.526955,7,0,7,332
1489,113.951781,22.767148,0,72,72,1060
1490,113.952006,22.559674,12,0,12,322
1491,113.952036,22.526183,6,0,6,332
1492,113.952245,22.534831,17,0,17,332
1493,113.95232,22.540945,2,0,2,325
1494,113.952747,22.569027,2,0,2,333
1495,113.953011,22.55776,12,0,12,322
1496,113.953061,22.536144,14,0,14,332
1497,113.953061,22.536144,13,0,13,332
1498,113.953506,22.581056,15,0,15,335
1499,113.953506,22.581056,15,0,15,335
1500,113.953522,22.53707,66,0,66,332
1501,113.953522,22.53707,64,0,64,332
1502,113.954281,22.525936,6,0,6,332
1503,113.955276,22.55933,15,0,15,332
1504,113.955284,22.578516,6,0,6,335
1505,113.955618,22.550144,6,0,6,332
1506,113.955843,22.550011,9,0,9,332
1507,113.956389,22.558018,10,0,10,332
1508,113.956657,22.546952,6,0,6,332
1509,113.956762,22.55946,21,0,21,332
1510,113.95699,22.569623,6,0,6,333
1511,113.957255,22.539254,30,0,30,332
1512,113.957941,22.580323,22,0,22,335
1513,113.958062,22.572305,2,0,2,335
1514,113.959641,22.569406,6,0,6,333
1515,113.959656,22.572429,5,0,5,335
1516,113.960152,22.58203,3,0,3,335
1517,113.96036,22.573471,18,0,18,335
1518,113.960901,22.569655,2,0,2,333
1519,113.964945,22.528218,18,0,18,331
1520,113.965021,22.569794,10,0,10,335
1521,113.965366,22.526399,18,0,18,331
1522,113.965995,22.587332,23,0,23,340
1523,113.966607,22.538899,3,0,3,330
1524,113.966607,22.538899,3,0,3,330
1525,113.96682,22.541494,12,0,12,328
1526,113.967071,22.549004,18,0,18,328
1527,113.967915,22.550914,3,0,3,328
1528,113.968027,22.541207,6,0,6,328
1529,113.968312,22.565812,0,57,57,333
1530,113.97071,22.695126,9,0,9,651
1531,113.971319,22.581017,10,0,10,335
1532,113.971962,22.554189,18,0,18,328
1533,113.972534,22.55878,20,0,20,328
1534,113.972743,22.54934,18,0,18,329
1535,113.973854,22.553471,18,0,18,328
1536,113.973949,22.550947,49,0,49,329
1537,113.975109,22.558266,6,0,6,333
1538,113.975541,22.549257,5,0,5,329
1539,113.975574,22.547402,19,0,19,329
1540,113.976176,22.548838,19,0,19,329
1541,113.976669,22.538405,6,0,6,329
1542,113.977615,22.545333,18,0,18,329
1543,113.977979,22.537978,6,0,6,329
1544,113.978029,22.539426,6,0,6,329
1545,113.978043,22.534152,4,0,4,330
1546,113.978132,22.546132,15,0,15,329
1547,113.978263,22.546126,15,0,15,329
1548,113.98015,22.546864,3,0,3,329
1549,113.98015,22.546864,3,0,3,329
1550,113.980305,22.548155,15,0,15,329
1551,113.980717,22.561908,6,0,6,335
1552,113.980837,22.561607,5,0,5,335
1553,113.981006,22.5361,12,0,12,330
1554,113.98208,22.562316,4,0,4,335
1555,113.983395,22.53531,12,0,12,330
1556,113.984651,22.560924,12,0,12,335
1557,113.984652,22.538141,18,0,18,329
1558,113.985759,22.556572,6,0,6,334
1559,113.986739,22.732779,30,0,30,644
1560,113.987595,22.535182,2,0,2,330
1561,113.98761,22.547235,12,0,12,329
1562,113.98878,22.55117,20,0,20,334
1563,113.988951,22.542459,24,0,24,329
1564,113.990345,22.541958,6,0,6,329
1565,113.990661,22.67163,6,0,6,719
1566,113.991005,22.588745,63,0,63,335
1567,113.991027,22.736262,12,0,12,644
1568,113.991039,22.737962,12,0,12,1060
1569,113.991112,22.738856,2,0,2,1060
1570,113.991289,22.589744,12,0,12,335
1571,113.991613,22.591408,1,0,1,335
1572,113.991728,22.54122,18,0,18,1112
1573,113.991746,22.732842,6,0,6,644
1574,113.991765,22.590705,2,0,2,335
1575,113.991978,22.738526,2,0,2,1060
1576,113.992075,22.589366,12,0,12,335
1577,113.992113,22.739608,12,0,12,1060
1578,113.992511,22.536226,15,0,15,1111
1579,113.993017,22.588465,22,4,26,335
1580,113.993017,22.588465,28,4,32,335
1581,113.993783,22.69064,18,0,18,726
1582,113.994306,22.59737,28,0,28,343
1583,113.99479,22.537004,11,0,11,1111
1584,113.994911,22.735241,12,0,12,687
1585,113.995476,22.535296,6,0,6,1111
1586,113.995997,22.531611,6,0,6,225
1587,113.996567,22.536059,6,0,6,1111
1588,113.998139,22.53656,3,0,3,1111
1589,113.998477,22.698506,0,6,6,715
1590,113.998477,22.698506,0,6,6,715
1591,113.998884,22.736049,12,0,12,687
1592,113.999267,22.696603,10,0,10,715
1593,113.999412,22.664085,3,0,3,718
1594,114.000504,22.59265,41,0,41,335
1595,114.000504,22.59265,41,0,41,335
1596,114.00096,22.537428,12,0,12,1111
1597,114.001244,22.537417,6,0,6,1111
1598,114.003079,22.670815,12,0,12,718
1599,114.004064,22.635491,36,4,40,724
1600,114.004064,22.635491,36,4,40,724
1601,114.007994,22.636614,30,0,30,724
1602,114.009102,22.640442,61,0,61,724
1603,114.009274,22.635842,6,0,6,724
1604,114.010627,22.534891,3,0,3,225
1605,114.010987,22.64256,6,0,6,724
1606,114.011055,22.548647,12,0,12,1113
1607,114.011249,22.640312,12,0,12,724
1608,114.011267,22.547222,6,0,6,1113
1609,114.01144,22.632498,3,0,3,724
1610,114.011846,22.534961,3,0,3,225
1611,114.011885,22.642885,5,0,5,710
1612,114.011892,22.547691,3,0,3,1113
1613,114.01191,22.547644,2,0,2,1113
1614,114.012055,22.548341,12,0,12,1113
1615,114.012555,22.535108,8,0,8,225
1616,114.013349,22.54516,4,0,4,1113
1617,114.013445,22.629092,10,0,10,704
1618,114.013882,22.541663,3,0,3,1114
1619,114.014366,22.541996,6,0,6,1114
1620,114.014498,22.549168,6,0,6,1113
1621,114.014566,22.562702,12,0,12,235
1622,114.014713,22.641373,12,0,12,710
1623,114.015025,22.637257,22,0,22,724
1624,114.015191,22.565889,2,0,2,235
1625,114.015239,22.564382,2,0,2,235
1626,114.015799,22.564912,2,0,2,235
1627,114.015963,22.564159,2,0,2,235
1628,114.01606,22.561905,13,0,13,235
1629,114.016155,22.54725,6,0,6,1113
1630,114.016306,22.564233,2,0,2,235
1631,114.016557,22.56248,8,0,8,235
1632,114.016845,22.536691,1,0,1,226
1633,114.016962,22.63037,6,0,6,704
1634,114.018025,22.541107,16,0,16,1114
1635,114.018197,22.549514,4,0,4,1113
1636,114.018711,22.556332,20,0,20,1115
1637,114.01892,22.540155,4,2,6,1114
1638,114.01892,22.540155,4,2,6,1114
1639,114.019401,22.642531,32,0,32,710
1640,114.019749,22.658889,6,0,6,711
1641,114.019752,22.644334,12,0,12,710
1642,114.019848,22.533913,0,10,10,226
1643,114.019945,22.534075,10,0,10,226
1644,114.020065,22.634935,36,0,36,704
1645,114.020148,22.537806,3,0,3,226
1646,114.020299,22.542474,2,0,2,1114
1647,114.020444,22.649372,10,0,10,710
1648,114.020878,22.534074,14,0,14,226
1649,114.021208,22.644705,6,0,6,710
1650,114.021293,22.629543,17,0,17,704
1651,114.021369,22.653237,3,0,3,709
1652,114.021369,22.653237,5,0,5,709
1653,114.021476,22.664938,12,0,12,711
1654,114.021484,22.529977,20,0,20,217
1655,114.021511,22.664678,16,0,16,711
1656,114.021644,22.712304,35,0,35,691
1657,114.02169,22.542135,12,0,12,1114
1658,114.021862,22.635268,45,0,45,704
1659,114.022126,22.6314,6,0,6,704
1660,114.02222,22.529467,14,0,14,217
1661,114.02228,22.650054,4,0,4,709
1662,114.022326,22.647367,6,0,6,710
1663,114.022483,22.666759,6,6,12,712
1664,114.022483,22.666759,6,6,12,712
1665,114.022508,22.531382,8,0,8,217
1666,114.022973,22.648233,6,0,6,709
1667,114.02327,22.551826,25,0,25,1115
1668,114.023596,22.529755,6,0,6,217
1669,114.023725,22.530345,24,0,24,217
1670,114.024085,22.529828,13,0,13,217
1671,114.024208,22.531691,8,0,8,217
1672,114.024578,22.629094,15,0,15,704
1673,114.024582,22.534038,12,0,12,226
1674,114.024916,22.629079,6,0,6,704
1675,114.024997,22.633932,16,0,16,703
1676,114.025093,22.540127,5,0,5,1116
1677,114.02549,22.523506,18,0,18,217
1678,114.025523,22.653106,2,0,2,709
1679,114.025571,22.523102,12,0,12,217
1680,114.026021,22.635962,12,0,12,705
1681,114.026166,22.713154,0,58,58,690
1682,114.026166,22.713154,0,58,58,690
1683,114.026362,22.632913,4,0,4,703
1684,114.026501,22.551029,5,0,5,1115
1685,114.026552,22.69469,2,0,2,692
1686,114.026597,22.537611,18,0,18,226
1687,114.026818,22.735808,12,0,12,688
1688,114.026874,22.532492,4,0,4,226
1689,114.026965,22.666678,12,0,12,712
1690,114.026975,22.746707,12,0,12,682
1691,114.027743,22.627125,30,0,30,703
1692,114.027803,22.522153,6,0,6,217
1693,114.027927,22.73879,12,0,12,686
1694,114.027956,22.636802,12,0,12,705
1695,114.028093,22.736966,11,0,11,686
1696,114.028156,22.656206,12,0,12,709
1697,114.02847,22.60078,4,0,4,699
1698,114.028902,22.635972,4,0,4,705
1699,114.028928,22.62188,9,0,9,703
1700,114.028946,22.600645,2,0,2,699
1701,114.029184,22.601094,4,0,4,699
1702,114.029755,22.553619,6,0,6,1115
1703,114.029918,22.534794,2,0,2,227
1704,114.03006,22.533349,12,0,12,227
1705,114.030658,22.602767,11,0,11,699
1706,114.030658,22.602767,11,0,11,699
1707,114.031016,22.554933,6,0,6,1115
1708,114.03102,22.652169,24,0,24,709
1709,114.03102,22.652169,24,0,24,709
1710,114.031098,22.627558,10,2,12,703
1711,114.03111,22.632167,10,0,10,703
1712,114.031302,22.534946,6,0,6,227
1713,114.031318,22.628952,8,0,8,703
1714,114.031562,22.536352,6,0,6,227
1715,114.031654,22.641304,6,0,6,705
1716,114.031654,22.641304,6,0,6,705
1717,114.031901,22.531023,17,0,17,227
1718,114.031901,22.531023,16,0,16,227
1719,114.031998,22.632514,36,0,36,703
1720,114.032022,22.530696,24,0,24,227
1721,114.032022,22.530696,24,0,24,227
1722,114.032113,22.744423,0,38,38,682
1723,114.032113,22.744423,0,38,38,682
1724,114.032189,22.638566,6,0,6,705
1725,114.032269,22.557413,4,0,4,1110
1726,114.032531,22.660839,12,0,12,712
1727,114.032749,22.716766,36,0,36,690
1728,114.033093,22.631632,15,0,15,703
1729,114.033277,22.531661,3,0,3,227
1730,114.033293,22.531743,15,0,15,227
1731,114.03358,22.526772,6,0,6,1106
1732,114.033635,22.557084,3,0,3,1110
1733,114.033683,22.519079,9,0,9,1105
1734,114.033861,22.716042,12,0,12,690
1735,114.033898,22.62907,6,0,6,703
1736,114.034562,22.65901,6,0,6,712
1737,114.03502,22.518753,12,0,12,1105
1738,114.035049,22.554026,12,0,12,1109
1739,114.035066,22.631653,36,0,36,703
1740,114.035533,22.554058,2,0,2,1109
1741,114.035599,22.627436,4,2,6,703
1742,114.035692,22.657107,8,0,8,712
1743,114.035875,22.553756,3,0,3,1109
1744,114.036247,22.630556,5,0,5,703
1745,114.036508,22.556261,12,0,12,1110
1746,114.036602,22.558479,10,0,10,1110
1747,114.036761,22.570501,6,0,6,1170
1748,114.037064,22.659121,3,0,3,708
1749,114.037088,22.561208,4,0,4,1110
1750,114.037155,22.640178,12,0,12,705
1751,114.038114,22.552619,1,0,1,1109
1752,114.038511,22.669049,9,0,9,731
1753,114.038834,22.731123,12,0,12,686
1754,114.039017,22.633709,6,0,6,705
1755,114.039323,22.550918,5,0,5,1109
1756,114.039729,22.521541,6,0,6,1105
1757,114.040065,22.624989,12,0,12,703
1758,114.040114,22.525856,1,0,1,1106
1759,114.040146,22.659176,8,0,8,708
1760,114.040346,22.66929,12,0,12,731
1761,114.040452,22.542985,5,0,5,1107
1762,114.040526,22.629449,36,0,36,703
1763,114.040676,22.546292,1,0,1,1107
1764,114.04085,22.542457,3,0,3,1107
1765,114.041317,22.552652,6,0,6,1109
1766,114.041581,22.610124,6,0,6,701
1767,114.041934,22.567075,8,0,8,1171
1768,114.041963,22.74508,12,0,12,686
1769,114.041963,22.74508,18,0,18,686
1770,114.042145,22.60076,12,0,12,699
1771,114.042219,22.524452,2,0,2,1106
1772,114.042222,22.549568,3,0,3,1107
1773,114.042589,22.694073,9,0,9,698
1774,114.042651,22.55508,12,0,12,1109
1775,114.042879,22.52414,1,0,1,1106
1776,114.04302,22.745204,12,0,12,686
1777,114.043206,22.525249,6,0,6,1106
1778,114.043225,22.526506,1,0,1,1106
1779,114.043545,22.57041,6,0,6,1168
1780,114.043552,22.552808,6,0,6,1109
1781,114.043558,22.605921,6,0,6,701
1782,114.043575,22.554668,6,0,6,1109
1783,114.043593,22.554645,6,0,6,1109
1784,114.043632,22.571679,4,0,4,1170
1785,114.043763,22.603162,12,0,12,700
1786,114.043903,22.525873,3,0,3,1106
1787,114.043948,22.550893,3,0,3,1109
1788,114.043972,22.599271,10,0,10,699
1789,114.044008,22.551321,7,0,7,202
1790,114.04409,22.540048,5,0,5,227
1791,114.04409,22.540048,5,0,5,227
1792,114.044162,22.516626,18,0,18,1099
1793,114.04426,22.541976,2,0,2,1062
1794,114.044307,22.567009,6,0,6,1168
1795,114.044504,22.523942,2,0,2,1100
1796,114.044518,22.543329,3,0,3,1061
1797,114.044548,22.547544,3,0,3,1061
1798,114.044555,22.617513,3,0,3,702
1799,114.044574,22.597133,5,0,5,699
1800,114.044673,22.528979,4,0,4,1100
1801,114.044686,22.55458,4,0,4,202
1802,114.044698,22.547524,2,0,2,1061
1803,114.044711,22.527085,2,0,2,1106
1804,114.044954,22.56622,3,0,3,1168
1805,114.045182,22.564524,6,0,6,203
1806,114.04525,22.507381,12,0,12,223
1807,114.045666,22.526188,18,0,18,1100
1808,114.045739,22.570004,18,0,18,1168
1809,114.045764,22.546191,2,0,2,1061
1810,114.045873,22.723239,29,0,29,693
1811,114.045873,22.723239,0,15,15,693
1812,114.045873,22.723239,29,0,29,693
1813,114.045968,22.721363,10,0,10,693
1814,114.045986,22.568052,4,0,4,1168
1815,114.046011,22.543494,12,0,12,1061
1816,114.046142,22.593517,6,0,6,699
1817,114.046228,22.530288,24,0,24,1100
1818,114.046263,22.554647,5,0,5,202
1819,114.046272,22.571428,6,0,6,1168
1820,114.046855,22.598652,42,0,42,700
1821,114.046892,22.545902,3,0,3,1061
1822,114.047092,22.54791,6,0,6,1061
1823,114.047172,22.546775,2,0,2,1061
1824,114.04726,22.7296,0,12,12,693
1825,114.04726,22.7296,49,0,49,693
1826,114.04726,22.7296,49,0,49,693
1827,114.04727,22.506347,4,0,4,223
1828,114.047403,22.554129,3,0,3,202
1829,114.047872,22.560258,12,0,12,202
1830,114.048078,22.647557,0,20,20,708
1831,114.048099,22.673337,22,0,22,731
1832,114.048141,22.675134,12,0,12,731
1833,114.048288,22.672775,5,0,5,731
1834,114.048289,22.509056,54,0,54,223
1835,114.048537,22.541915,11,0,11,1062
1836,114.048948,22.748871,12,0,12,686
1837,114.049625,22.518818,1,0,1,1100
1838,114.049721,22.678851,0,20,20,732
1839,114.050752,22.525552,14,0,14,1100
1840,114.050819,22.602561,12,0,12,700
1841,114.050908,22.644829,10,0,10,739
1842,114.05091,22.543973,6,0,6,1061
1843,114.050993,22.707962,6,0,6,748
1844,114.050996,22.546141,34,0,34,1061
1845,114.051,22.526685,6,0,6,1100
1846,114.051028,22.707894,7,0,7,748
1847,114.051136,22.538613,6,0,6,1062
1848,114.051237,22.53791,6,0,6,1062
1849,114.051327,22.563223,3,0,3,203
1850,114.05142,22.517507,6,0,6,1101
1851,114.051511,22.670646,0,8,8,732
1852,114.052006,22.530039,3,0,3,1102
1853,114.052162,22.528082,13,0,13,1102
1854,114.052184,22.627171,20,0,20,702
1855,114.052184,22.627171,0,96,96,702
1856,114.052991,22.526755,12,0,12,1102
1857,114.053016,22.52257,2,0,2,1102
1858,114.053192,22.596059,12,0,12,700
1859,114.053299,22.634085,12,0,12,706
1860,114.053323,22.516533,3,0,3,1101
1861,114.053344,22.520186,18,0,18,1102
1862,114.053848,22.506227,12,0,12,223
1863,114.054052,22.544005,26,0,26,1061
1864,114.05407,22.53311,8,0,8,1062
1865,114.054089,22.524411,6,0,6,1102
1866,114.054204,22.527708,18,0,18,1102
1867,114.054217,22.509271,3,0,3,223
1868,114.054828,22.531407,3,0,3,1102
1869,114.055075,22.560536,6,0,6,202
1870,114.055197,22.524463,12,0,12,1102
1871,114.055945,22.569354,18,0,18,1172
1872,114.056,22.525033,3,0,3,1102
1873,114.056014,22.514032,3,0,3,223
1874,114.056066,22.525891,3,0,3,1102
1875,114.056089,22.695303,30,0,30,751
1876,114.056366,22.591356,6,0,6,681
1877,114.056394,22.561069,6,0,6,202
1878,114.056493,22.535743,26,0,26,1062
1879,114.056606,22.534995,5,0,5,1062
1880,114.056773,22.569782,10,0,10,1172
1881,114.056841,22.695302,30,0,30,751
1882,114.057063,22.534251,4,0,4,1062
1883,114.057327,22.526718,3,0,3,1102
1884,114.057356,22.508878,2,0,2,1102
1885,114.057376,22.522617,6,0,6,1102
1886,114.057378,22.51343,6,0,6,223
1887,114.057748,22.563612,8,0,8,204
1888,114.057758,22.535761,3,0,3,1062
1889,114.057964,22.560892,8,0,8,202
1890,114.057973,22.634546,12,0,12,706
1891,114.057997,22.570833,2,0,2,1172
1892,114.058097,22.533842,3,0,3,1062
1893,114.058219,22.671338,15,0,15,732
1894,114.058368,22.502405,0,4,4,223
1895,114.058372,22.536693,5,0,5,1062
1896,114.058399,22.50714,30,0,30,223
1897,114.058419,22.534817,11,0,11,1062
1898,114.05851,22.509541,8,0,8,223
1899,114.058643,22.56483,4,0,4,204
1900,114.058674,22.504121,2,0,2,223
1901,114.058696,22.52227,6,0,6,1102
1902,114.058912,22.694639,6,0,6,751
1903,114.058951,22.560531,6,0,6,202
1904,114.059013,22.590903,6,0,6,681
1905,114.059014,22.505615,12,0,12,223
1906,114.059287,22.693619,6,0,6,751
1907,114.059622,22.51861,11,0,11,1101
1908,114.059631,22.618396,12,0,12,745
1909,114.059874,22.546939,23,0,23,1061
1910,114.059874,22.546939,54,0,54,1061
1911,114.05995,22.510273,10,0,10,223
1912,114.059951,22.564041,6,0,6,204
1913,114.060043,22.572388,7,0,7,1172
1914,114.060064,22.593201,6,0,6,681
1915,114.060321,22.563358,6,0,6,204
1916,114.060394,22.567143,4,0,4,204
1917,114.060564,22.510686,6,0,6,223
1918,114.060621,22.664709,16,0,16,741
1919,114.060621,22.664709,15,0,15,741
1920,114.061126,22.505599,9,0,9,223
1921,114.06118,22.510362,6,0,6,223
1922,114.061227,22.51783,13,0,13,224
1923,114.061227,22.51783,16,0,16,224
1924,114.061361,22.520958,5,0,5,1104
1925,114.061546,22.571183,2,0,2,1173
1926,114.061634,22.570021,3,0,3,1173
1927,114.061647,22.51103,18,0,18,223
1928,114.061731,22.515192,2,0,2,224
1929,114.061743,22.513999,3,0,3,224
1930,114.061747,22.534352,24,2,26,1062
1931,114.061747,22.534352,50,0,50,1062
1932,114.062451,22.534218,28,0,28,1062
1933,114.062534,22.567994,5,0,5,204
1934,114.062703,22.514224,4,0,4,224
1935,114.062839,22.631418,6,0,6,706
1936,114.062954,22.514398,6,0,6,224
1937,114.063068,22.607652,12,0,12,700
1938,114.06339,22.515563,6,0,6,224
1939,114.063747,22.524166,12,0,12,1104
1940,114.063909,22.53332,12,0,12,206
1941,114.064015,22.532151,10,0,10,206
1942,114.064053,22.542943,9,0,9,206
1943,114.06409,22.573763,6,0,6,1173
1944,114.064322,22.690736,8,0,8,733
1945,114.064348,22.690969,3,0,3,733
1946,114.064502,22.545418,3,0,3,205
1947,114.064556,22.521438,3,0,3,224
1948,114.064676,22.54205,41,0,41,206
1949,114.064676,22.54205,41,0,41,206
1950,114.064723,22.520741,6,0,6,224
1951,114.064988,22.625688,16,0,16,745
1952,114.06504,22.542691,30,0,30,206
1953,114.06504,22.542691,30,0,30,206
1954,114.065204,22.57143,6,0,6,1173
1955,114.065332,22.516789,0,3,3,224
1956,114.065483,22.651259,6,0,6,744
1957,114.065613,22.65176,18,0,18,744
1958,114.065799,22.651336,18,0,18,744
1959,114.06583,22.522972,12,0,12,224
1960,114.065838,22.658375,10,0,10,744
1961,114.065879,22.522938,12,0,12,224
1962,114.065988,22.546215,12,0,12,205
1963,114.066001,22.61317,9,0,9,700
1964,114.066109,22.521753,6,0,6,224
1965,114.0665,22.690363,3,0,3,733
1966,114.066576,22.543637,30,0,30,205
1967,114.066648,22.530307,10,0,10,1104
1968,114.066654,22.538933,21,0,21,206
1969,114.066796,22.522986,6,0,6,224
1970,114.066911,22.5584,18,0,18,204
1971,114.066948,22.547198,8,0,8,205
1972,114.066948,22.547198,6,0,6,205
1973,114.066985,22.524753,12,0,12,224
1974,114.067044,22.681487,7,0,7,729
1975,114.067055,22.532132,6,0,6,206
1976,114.067089,22.518394,6,0,6,224
1977,114.067134,22.523979,4,0,4,224
1978,114.067192,22.561121,6,0,6,204
1979,114.067247,22.525082,3,0,3,224
1980,114.067379,22.532225,24,0,24,206
1981,114.067448,22.538885,15,0,15,206
1982,114.067467,22.624271,12,0,12,746
1983,114.067697,22.572312,3,0,3,1173
1984,114.067942,22.570995,6,0,6,1173
1985,114.068004,22.624811,3,0,3,746
1986,114.068171,22.649673,9,0,9,744
1987,114.068186,22.653259,0,38,38,744
1988,114.068445,22.536868,6,0,6,216
1989,114.068553,22.689256,3,0,3,733
1990,114.068679,22.69148,7,0,7,733
1991,114.0688,22.57208,6,0,6,1173
1992,114.068966,22.543127,12,0,12,216
1993,114.068972,22.61162,21,0,21,746
1994,114.069015,22.571628,12,0,12,1173
1995,114.069183,22.565126,40,0,40,215
1996,114.069259,22.688085,106,0,106,733
1997,114.069987,22.716711,12,0,12,728
1998,114.069997,22.614995,1,0,1,746
1999,114.070456,22.52366,2,0,2,224
2000,114.070788,22.523014,6,0,6,224
2001,114.071013,22.61815,28,0,28,746
2002,114.071079,22.612841,17,0,17,716
2003,114.071156,22.527224,2,0,2,224
2004,114.071955,22.620756,12,0,12,746
2005,114.072074,22.646735,10,0,10,744
2006,114.073839,22.616327,12,0,12,716
2007,114.073839,22.616327,12,0,12,716
2008,114.073996,22.614615,36,0,36,716
2009,114.07417,22.617325,58,0,58,716
2010,114.074193,22.515924,6,0,6,224
2011,114.074402,22.690517,0,20,20,729
2012,114.074715,22.543693,6,0,6,216
2013,114.075174,22.659094,10,0,10,741
2014,114.07694,22.630981,6,0,6,1026
2015,114.076978,22.621193,38,0,38,746
2016,114.076987,22.567154,12,0,12,215
2017,114.077107,22.659641,12,0,12,741
2018,114.077196,22.65641,12,0,12,737
2019,114.078254,22.536822,3,0,3,214
2020,114.078839,22.634511,6,0,6,1026
2021,114.079601,22.633593,5,0,5,1026
2022,114.079977,22.644616,18,0,18,737
2023,114.080907,22.623125,0,6,6,716
2024,114.080907,22.623125,0,6,6,716
2025,114.080989,22.633042,6,0,6,1026
2026,114.081082,22.535963,6,0,6,214
2027,114.082025,22.682578,12,0,12,729
2028,114.082138,22.708382,0,16,16,728
2029,114.082138,22.708382,0,16,16,728
2030,114.082138,22.708382,0,28,28,728
2031,114.082138,22.708382,0,28,28,728
2032,114.082419,22.546174,9,0,9,1063
2033,114.082759,22.654276,6,0,6,737
2034,114.083356,22.624866,6,0,6,716
2035,114.083568,22.539208,3,0,3,213
2036,114.084059,22.548674,10,0,10,1064
2037,114.085021,22.530012,4,0,4,213
2038,114.085663,22.571655,0,1,1,119
2039,114.085976,22.532607,24,0,24,213
2040,114.086178,22.532804,4,0,4,213
2041,114.08633,22.629165,0,54,54,1026
2042,114.086961,22.575867,3,0,3,121
2043,114.086975,22.697647,10,0,10,728
2044,114.087581,22.535984,6,0,6,213
2045,114.088638,22.54017,6,0,6,213
2046,114.089074,22.571362,6,0,6,119
2047,114.089928,22.706775,0,19,19,735
2048,114.089928,22.706775,0,19,19,735
2049,114.089945,22.638053,12,0,12,783
2050,114.089966,22.635825,12,0,12,783
2051,114.090044,22.570965,6,0,6,119
2052,114.091014,22.53638,3,0,3,213
2053,114.092513,22.533704,3,0,3,213
2054,114.092926,22.553181,6,0,6,211
2055,114.093001,22.551326,6,0,6,212
2056,114.093266,22.568423,6,0,6,119
2057,114.094768,22.544345,12,0,12,212
2058,114.095035,22.552091,12,0,12,211
2059,114.095187,22.704937,0,26,26,775
2060,114.095187,22.704937,0,26,26,775
2061,114.095443,22.547058,3,0,3,212
2062,114.095517,22.53903,4,0,4,213
2063,114.096934,22.540144,5,0,5,213
2064,114.096978,22.538175,12,0,12,213
2065,114.097493,22.551725,6,0,6,212
2066,114.097808,22.563943,6,0,6,208
2067,114.097899,22.564484,7,0,7,208
2068,114.098984,22.552116,3,0,3,1121
2069,114.099783,22.539617,12,0,12,102
2070,114.100803,22.563115,15,0,15,1126
2071,114.101209,22.625045,102,0,102,965
2072,114.101647,22.567775,4,0,4,1125
2073,114.101861,22.564367,9,0,9,1126
2074,114.10187,22.5525,3,0,3,1122
2075,114.102079,22.602804,12,0,12,967
2076,114.102366,22.536434,3,0,3,102
2077,114.102541,22.707336,0,12,12,806
2078,114.103032,22.562183,10,0,10,1126
2079,114.103192,22.558398,6,0,6,1121
2080,114.103245,22.562474,24,0,24,1126
2081,114.103439,22.613261,27,0,27,965
2082,114.103548,22.624386,24,0,24,966
2083,114.103848,22.626514,70,0,70,795
2084,114.103966,22.538029,12,0,12,102
2085,114.103998,22.624303,80,0,80,966
2086,114.104294,22.611468,18,0,18,966
2087,114.104702,22.611474,12,0,12,966
2088,114.104779,22.624926,12,0,12,795
2089,114.104934,22.545534,6,0,6,1122
2090,114.104966,22.546067,6,0,6,1122
2091,114.105277,22.545241,6,0,6,1122
2092,114.105314,22.550542,18,0,18,1122
2093,114.105314,22.550542,12,0,12,1122
2094,114.105538,22.552862,5,0,5,1122
2095,114.105663,22.539278,0,3,3,102
2096,114.105736,22.554161,8,0,8,1121
2097,114.106376,22.584902,6,0,6,1131
2098,114.106492,22.586961,0,86,86,1131
2099,114.106492,22.586961,0,70,70,1131
2100,114.106492,22.586961,0,70,70,1131
2101,114.10666,22.569612,6,0,6,1125
2102,114.106792,22.533902,18,0,18,1120
2103,114.106953,22.533986,36,0,36,1120
2104,114.106996,22.616438,18,0,18,966
2105,114.107023,22.595678,12,0,12,967
2106,114.107042,22.555516,14,0,14,1121
2107,114.10737,22.53956,6,0,6,1120
2108,114.107556,22.594503,6,0,6,1163
2109,114.107729,22.535133,5,0,5,1120
2110,114.107819,22.555318,6,0,6,1121
2111,114.107833,22.559771,6,0,6,1124
2112,114.107969,22.540577,2,0,2,1120
2113,114.108052,22.62382,8,0,8,795
2114,114.108052,22.62382,8,0,8,795
2115,114.108075,22.542674,6,0,6,1120
2116,114.108547,22.540539,6,0,6,1120
2117,114.108731,22.5338,18,0,18,1120
2118,114.109352,22.540594,16,0,16,1120
2119,114.109352,22.540594,16,0,16,1120
2120,114.109366,22.53626,10,0,10,1120
2121,114.109376,22.559902,6,0,6,1124
2122,114.109398,22.549683,6,0,6,1122
2123,114.109765,22.58963,4,0,4,1138
2124,114.110003,22.572651,6,0,6,1124
2125,114.110013,22.541075,0,1,1,1120
2126,114.110176,22.594104,3,0,3,1164
2127,114.11051,22.55545,12,0,12,104
2128,114.110524,22.618137,45,0,45,966
2129,114.110524,22.618137,66,0,66,966
2130,114.110969,22.593903,10,0,10,1164
2131,114.110972,22.548991,5,0,5,104
2132,114.111163,22.591227,6,0,6,1138
2133,114.111247,22.566896,6,0,6,1124
2134,114.111376,22.628281,12,0,12,795
2135,114.111378,22.605216,12,0,12,1163
2136,114.112,22.61371,6,0,6,966
2137,114.112139,22.53963,12,0,12,1120
2138,114.112399,22.574182,0,37,37,1124
2139,114.112399,22.574182,0,37,37,1124
2140,114.112401,22.543339,6,0,6,1119
2141,114.11246,22.651252,6,0,6,802
2142,114.112605,22.595404,12,0,12,1164
2143,114.112734,22.534084,8,0,8,1120
2144,114.113351,22.649804,6,0,6,802
2145,114.113831,22.53834,6,0,6,1119
2146,114.113921,22.574039,11,0,11,115
2147,114.114015,22.595637,10,0,10,1164
2148,114.114493,22.543569,32,0,32,1119
2149,114.114493,22.543569,32,0,32,1119
2150,114.114584,22.611487,4,0,4,799
2151,114.114883,22.650269,34,0,34,802
2152,114.115226,22.534342,8,0,8,1119
2153,114.115226,22.534342,8,0,8,1119
2154,114.115531,22.536688,6,0,6,1119
2155,114.115531,22.536688,6,0,6,1119
2156,114.115588,22.6072,6,0,6,799
2157,114.115894,22.656069,12,0,12,802
2158,114.116112,22.607966,9,0,9,799
2159,114.11624,22.558061,2,0,2,104
2160,114.116405,22.574419,12,0,12,115
2161,114.11661,22.579,43,0,43,1137
2162,114.11661,22.579,43,0,43,1137
2163,114.117133,22.606366,34,0,34,799
2164,114.117167,22.648621,12,0,12,805
2165,114.117286,22.54421,1,0,1,106
2166,114.117329,22.613633,24,0,24,799
2167,114.117989,22.535828,10,0,10,1119
2168,114.11911,22.693393,56,0,56,809
2169,114.119249,22.585026,12,0,12,1137
2170,114.119255,22.537699,20,0,20,1119
2171,114.119307,22.548148,6,0,6,105
2172,114.119388,22.542734,16,0,16,106
2173,114.119416,22.541244,12,0,12,1119
2174,114.119416,22.541244,20,0,20,1119
2175,114.119618,22.581101,20,0,20,1137
2176,114.120011,22.543209,1,0,1,106
2177,114.120024,22.555031,4,0,4,105
2178,114.120186,22.55928,9,0,9,111
2179,114.120191,22.555374,4,0,4,105
2180,114.120259,22.681643,0,12,12,781
2181,114.120259,22.681643,0,12,12,781
2182,114.120443,22.547744,6,0,6,105
2183,114.120736,22.684912,6,0,6,809
2184,114.121059,22.597764,4,0,4,1164
2185,114.121143,22.550343,4,0,4,105
2186,114.121201,22.577544,0,87,87,1137
2187,114.121201,22.577544,0,87,87,1137
2188,114.121224,22.681845,11,0,11,781
2189,114.121224,22.681845,11,0,11,781
2190,114.121234,22.610245,2,12,14,799
2191,114.121266,22.582333,2,0,2,1137
2192,114.12136,22.533659,6,0,6,1119
2193,114.121466,22.652676,0,28,28,805
2194,114.121593,22.544974,3,0,3,106
2195,114.12177,22.607928,6,0,6,1166
2196,114.121773,22.59678,6,0,6,1164
2197,114.121943,22.585337,4,0,4,1137
2198,114.121985,22.586413,12,0,12,1137
2199,114.12211,22.60597,6,0,6,1166
2200,114.122204,22.549756,6,0,6,105
2201,114.122269,22.541043,12,0,12,106
2202,114.122505,22.536754,7,0,7,1119
2203,114.122582,22.549527,20,0,20,105
2204,114.122822,22.583215,5,0,5,1137
2205,114.122837,22.542639,60,0,60,106
2206,114.123166,22.551099,6,0,6,105
2207,114.123217,22.595835,3,0,3,1164
2208,114.123278,22.567738,3,0,3,1130
2209,114.123417,22.568873,5,0,5,1130
2210,114.123481,22.59271,1,0,1,1164
2211,114.12361,22.54147,4,0,4,106
2212,114.123727,22.551652,18,0,18,105
2213,114.123872,22.594177,6,0,6,1164
2214,114.124021,22.587754,6,0,6,1138
2215,114.124197,22.575963,6,0,6,1134
2216,114.124312,22.669333,12,0,12,781
2217,114.124387,22.566256,6,0,6,1130
2218,114.124433,22.696008,6,0,6,809
2219,114.124449,22.596638,2,0,2,1164
2220,114.124469,22.541225,12,0,12,106
2221,114.124529,22.551752,6,0,6,105
2222,114.124673,22.609673,5,0,5,1166
2223,114.124704,22.667527,97,0,97,782
2224,114.124796,22.594572,4,0,4,1164
2225,114.124909,22.611117,6,0,6,799
2226,114.124912,22.537577,6,0,6,1119
2227,114.124983,22.587633,10,0,10,1137
2228,114.124993,22.641906,40,0,40,804
2229,114.124993,22.641906,40,0,40,804
2230,114.125009,22.576101,6,0,6,1134
2231,114.125015,22.550237,6,0,6,105
2232,114.125083,22.55104,7,0,7,105
2233,114.125263,22.591877,0,2,2,1167
2234,114.125288,22.538149,5,0,5,106
2235,114.125373,22.5775,6,0,6,1137
2236,114.125901,22.614035,12,0,12,969
2237,114.126081,22.577473,6,0,6,1137
2238,114.126209,22.602562,12,0,12,1166
2239,114.126261,22.592606,0,4,4,1167
2240,114.126329,22.578417,6,0,6,1137
2241,114.126468,22.565746,6,0,6,111
2242,114.126695,22.540041,12,0,12,107
2243,114.126728,22.562855,6,0,6,111
2244,114.126831,22.590117,10,0,10,1167
2245,114.126909,22.598395,8,0,8,1164
2246,114.126979,22.576912,6,0,6,1134
2247,114.126986,22.610517,2,0,2,1166
2248,114.126988,22.602994,5,0,5,1166
2249,114.126998,22.573115,12,0,12,1134
2250,114.127054,22.543792,2,0,2,107
2251,114.127089,22.56704,6,0,6,111
2252,114.127111,22.550273,6,0,6,108
2253,114.127148,22.553301,6,0,6,108
2254,114.127152,22.612619,6,0,6,969
2255,114.127307,22.5652,9,0,9,111
2256,114.1275,22.549992,6,0,6,108
2257,114.127579,22.625121,14,0,14,969
2258,114.127665,22.53786,9,0,9,107
2259,114.127726,22.597976,12,0,12,1164
2260,114.127763,22.567324,11,0,11,111
2261,114.127911,22.593046,3,0,3,1167
2262,114.127926,22.577798,4,0,4,1137
2263,114.127957,22.598743,8,0,8,1164
2264,114.12807,22.570852,10,0,10,111
2265,114.12822,22.570986,12,0,12,111
2266,114.128365,22.547337,6,0,6,107
2267,114.128481,22.571743,10,0,10,1134
2268,114.128721,22.623946,12,0,12,969
2269,114.128861,22.598809,15,0,15,1164
2270,114.129022,22.572176,6,0,6,1134
2271,114.129048,22.56207,6,0,6,111
2272,114.129235,22.559604,6,0,6,111
2273,114.129661,22.697634,10,0,10,786
2274,114.129702,22.573866,6,0,6,1134
2275,114.129753,22.610624,6,0,6,1166
2276,114.129981,22.540382,12,0,12,107
2277,114.130016,22.602071,22,0,22,1166
2278,114.130084,22.55229,9,0,9,108
2279,114.130265,22.551492,6,0,6,108
2280,114.130297,22.586247,4,0,4,1135
2281,114.130425,22.624973,6,0,6,969
2282,114.130531,22.548873,6,0,6,107
2283,114.130863,22.593816,13,0,13,1167
2284,114.131059,22.551252,6,0,6,108
2285,114.13163,22.607267,40,0,40,1166
2286,114.13163,22.607267,40,0,40,1166
2287,114.131835,22.594494,24,0,24,1167
2288,114.131896,22.541298,12,0,12,107
2289,114.132008,22.591237,24,0,24,1167
2290,114.132647,22.566642,4,0,4,111
2291,114.13345,22.546389,5,2,7,107
2292,114.13345,22.546389,5,2,7,107
2293,114.134147,22.574122,6,0,6,1134
2294,114.134172,22.582067,12,0,12,1135
2295,114.134341,22.700154,10,0,10,777
2296,114.135152,22.606852,11,0,11,1166
2297,114.135157,22.681539,0,8,8,784
2298,114.135157,22.681539,0,8,8,784
2299,114.135713,22.54308,8,0,8,107
2300,114.135737,22.606588,6,0,6,1166
2301,114.13591,22.646368,0,7,7,804
2302,114.135914,22.546632,11,0,11,110
2303,114.135914,22.546632,11,0,11,110
2304,114.136194,22.625702,18,0,18,972
2305,114.136688,22.578378,6,0,6,1135
2306,114.137044,22.583252,12,0,12,1135
2307,114.137048,22.62608,10,0,10,972
2308,114.137096,22.626471,10,0,10,972
2309,114.13733,22.542171,4,0,4,107
2310,114.137335,22.562451,6,0,6,109
2311,114.137379,22.541007,10,0,10,107
2312,114.138043,22.584809,6,0,6,1135
2313,114.138337,22.700087,5,0,5,777
2314,114.138345,22.612226,36,0,36,974
2315,114.138345,22.612226,36,0,36,974
2316,114.138995,22.580591,8,0,8,1135
2317,114.139536,22.617098,18,0,18,974
2318,114.139728,22.563993,5,0,5,109
2319,114.14036,22.618235,6,0,6,974
2320,114.140841,22.695284,12,0,12,777
2321,114.140877,22.625511,25,0,25,972
2322,114.140972,22.614081,6,0,6,974
2323,114.141123,22.581157,6,0,6,123
2324,114.141152,22.623967,12,0,12,972
2325,114.141554,22.712034,0,60,60,777
2326,114.141554,22.712034,0,60,60,777
2327,114.141662,22.561583,6,0,6,109
2328,114.141997,22.621988,12,0,12,974
2329,114.142001,22.562021,10,0,10,109
2330,114.14202,22.55538,6,0,6,110
2331,114.142112,22.712706,0,20,20,777
2332,114.142112,22.712706,0,20,20,777
2333,114.142375,22.581459,12,0,12,123
2334,114.142569,22.547743,23,0,23,110
2335,114.142704,22.547473,26,0,26,110
2336,114.14276,22.54804,14,0,14,110
2337,114.14276,22.54804,50,0,50,110
2338,114.142799,22.561254,12,0,12,109
2339,114.143019,22.696234,28,0,28,777
2340,114.143096,22.580585,10,0,10,123
2341,114.143799,22.546129,6,0,6,110
2342,114.143938,22.605798,12,0,12,1167
2343,114.14498,22.617917,6,0,6,974
2344,114.145044,22.695784,6,0,6,777
2345,114.146513,22.603742,0,9,9,1167
2346,114.146835,22.607674,6,0,6,1167
2347,114.148179,22.550506,4,0,4,110
2348,114.1484,22.541942,6,0,6,110
2349,114.149414,22.602618,0,6,6,1167
2350,114.149644,22.548124,8,0,8,110
2351,114.149896,22.61672,7,0,7,974
2352,114.149952,22.618932,24,0,24,974
2353,114.149992,22.617273,34,0,34,974
2354,114.150084,22.619093,10,0,10,974
2355,114.150944,22.548142,2,0,2,110
2356,114.152076,22.553756,6,0,6,110
2357,114.152113,22.548052,2,0,2,110
2358,114.152602,22.603256,3,0,3,1167
2359,114.15406,22.542538,4,0,4,110
2360,114.156189,22.607534,32,0,32,1167
2361,114.156293,22.619325,12,0,12,773
2362,114.156346,22.619699,28,0,28,773
2363,114.156743,22.607446,24,0,24,1167
2364,114.156786,22.606186,24,0,24,1167
2365,114.158081,22.605939,24,0,24,1167
2366,114.158081,22.605939,24,0,24,1167
2367,114.158199,22.608236,70,0,70,1167
2368,114.158691,22.607401,16,0,16,1167
2369,114.15891,22.606902,36,0,36,1167
2370,114.162049,22.612674,0,40,40,1167
2371,114.162049,22.612674,0,40,40,1167
2372,114.168989,22.564666,12,0,12,1146
2373,114.169644,22.643016,11,0,11,983
2374,114.170915,22.557759,12,0,12,1143
2375,114.173782,22.566438,12,0,12,1144
2376,114.173979,22.558608,12,0,12,1143
2377,114.175273,22.560629,2,0,2,1143
2378,114.17798,22.562698,4,0,4,1144
2379,114.178269,22.646553,18,0,18,975
2380,114.17848,22.563596,5,0,5,1144
2381,114.178635,22.643895,6,0,6,983
2382,114.178767,22.563354,5,0,5,1144
2383,114.180101,22.644377,4,0,4,984
2384,114.180614,22.559994,12,0,12,1144
2385,114.181964,22.565137,18,0,18,1144
2386,114.182055,22.563805,12,0,12,1144
2387,114.182327,22.566156,108,0,108,124
2388,114.185368,22.636284,54,3,57,986
2389,114.185368,22.636284,54,0,54,986
2390,114.185368,22.636284,54,3,57,986
2391,114.185368,22.636284,54,0,54,986
2392,114.18554,22.55585,12,0,12,124
2393,114.185968,22.647552,12,0,12,984
2394,114.187484,22.555249,6,0,6,124
2395,114.187974,22.637125,14,0,14,986
2396,114.188089,22.555199,6,0,6,124
2397,114.188201,22.625585,16,0,16,979
2398,114.188232,22.651583,29,0,29,977
2399,114.188975,22.648847,30,0,30,988
2400,114.189319,22.556623,26,0,26,124
2401,114.190586,22.64817,18,0,18,988
2402,114.192009,22.592859,6,0,6,124
2403,114.192063,22.645317,3,0,3,988
2404,114.196447,22.64452,4,0,4,981
2405,114.196529,22.646869,4,0,4,988
2406,114.200326,22.640714,6,0,6,982
2407,114.202977,22.64332,6,0,6,982
2408,114.204482,22.653983,16,0,16,987
2409,114.20466,22.647403,38,4,42,981
2410,114.20466,22.647403,38,4,42,981
2411,114.20524,22.706233,9,0,9,1043
2412,114.205713,22.705945,3,0,3,1043
2413,114.205736,22.705507,6,0,6,1043
2414,114.206376,22.657326,26,0,26,987
2415,114.207009,22.647887,3,0,3,981
2416,114.207205,22.70959,20,0,20,1043
2417,114.207224,22.658614,3,0,3,987
2418,114.207985,22.646863,6,0,6,982
2419,114.208073,22.648985,6,0,6,792
2420,114.208544,22.711042,12,0,12,1043
2421,114.208851,22.710536,18,0,18,1043
2422,114.211673,22.666011,0,9,9,788
2423,114.212872,22.720053,8,0,8,989
2424,114.216302,22.71042,32,0,32,989
2425,114.216621,22.669431,8,0,8,790
2426,114.216643,22.750283,18,0,18,858
2427,114.216779,22.713865,6,0,6,989
2428,114.217442,22.718557,27,0,27,989
2429,114.217557,22.722642,3,0,3,855
2430,114.217557,22.722642,3,0,3,855
2431,114.217557,22.722642,2,0,2,855
2432,114.217557,22.722642,4,0,4,855
2433,114.217557,22.722642,3,0,3,855
2434,114.21939,22.749667,38,0,38,858
2435,114.220384,22.703845,10,0,10,989
2436,114.220433,22.70446,6,0,6,989
2437,114.220821,22.700105,2,0,2,991
2438,114.220821,22.701179,3,0,3,991
2439,114.221052,22.720163,3,0,3,989
2440,114.221192,22.723155,4,0,4,855
2441,114.221625,22.722822,6,0,6,855
2442,114.221625,22.722822,6,0,6,855
2443,114.221837,22.701614,6,0,6,991
2444,114.22194,22.72642,24,0,24,855
2445,114.223935,22.720387,7,0,7,989
2446,114.22421,22.669546,10,0,10,790
2447,114.224867,22.695413,8,0,8,991
2448,114.225042,22.722649,6,0,6,855
2449,114.225191,22.66961,5,0,5,790
2450,114.225677,22.727691,6,0,6,855
2451,114.226114,22.636336,6,0,6,811
2452,114.226411,22.722655,24,0,24,855
2453,114.22728,22.557666,3,0,3,1155
2454,114.227573,22.692928,6,0,6,991
2455,114.227929,22.703162,12,0,12,996
2456,114.228405,22.553083,9,0,9,1154
2457,114.228562,22.676867,4,0,4,790
2458,114.228889,22.677294,13,0,13,790
2459,114.228895,22.701285,4,0,4,996
2460,114.229526,22.730965,12,0,12,855
2461,114.229801,22.547564,3,0,3,1154
2462,114.229951,22.70288,6,0,6,996
2463,114.230023,22.550654,12,0,12,1156
2464,114.230618,22.72115,21,0,21,989
2465,114.231005,22.700405,5,0,5,996
2466,114.231064,22.721148,12,0,12,989
2467,114.231814,22.723864,16,0,16,855
2468,114.231861,22.731066,11,0,11,855
2469,114.231924,22.546579,10,0,10,1154
2470,114.232465,22.725356,14,0,14,1011
2471,114.233074,22.71966,6,0,6,1011
2472,114.233132,22.720287,12,0,12,1011
2473,114.233304,22.724483,4,0,4,1011
2474,114.23353,22.726848,14,0,14,1011
2475,114.233711,22.700939,12,0,12,996
2476,114.233794,22.724369,2,0,2,1011
2477,114.233941,22.6325,24,0,24,771
2478,114.234041,22.721936,15,0,15,1011
2479,114.234052,22.734261,30,0,30,855
2480,114.234074,22.72649,3,0,3,1011
2481,114.23415,22.725342,2,0,2,1011
2482,114.234533,22.553258,2,0,2,1156
2483,114.234642,22.722061,5,0,5,1011
2484,114.234841,22.550737,6,0,6,1156
2485,114.234906,22.720903,3,0,3,1011
2486,114.234986,22.720152,3,0,3,1011
2487,114.23509,22.551414,6,0,6,1156
2488,114.235208,22.725587,2,0,2,1011
2489,114.235423,22.723835,12,0,12,1011
2490,114.236146,22.720042,6,0,6,1011
2491,114.23616,22.722749,1,0,1,1011
2492,114.236212,22.725119,6,0,6,1011
2493,114.236244,22.721362,1,0,1,1011
2494,114.236816,22.704524,74,0,74,996
2495,114.237036,22.699834,3,0,3,996
2496,114.23706,22.743456,36,0,36,858
2497,114.237207,22.73181,8,0,8,855
2498,114.237276,22.718709,36,0,36,1011
2499,114.237407,22.721434,7,0,7,1011
2500,114.237421,22.720276,6,0,6,1011
2501,114.237461,22.723968,7,0,7,1011
2502,114.237543,22.720036,6,0,6,1011
2503,114.237844,22.553528,4,0,4,1156
2504,114.237844,22.553528,4,0,4,1156
2505,114.238067,22.55487,24,0,24,1149
2506,114.238067,22.55487,24,0,24,1149
2507,114.238111,22.711257,2,0,2,1011
2508,114.238233,22.742955,24,0,24,858
2509,114.239578,22.709621,12,0,12,1011
2510,114.239907,22.728913,22,0,22,1011
2511,114.240013,22.7172,6,0,6,1011
2512,114.240689,22.589264,12,0,12,1162
2513,114.240826,22.712068,5,0,5,1011
2514,114.240894,22.714486,3,0,3,1011
2515,114.240973,22.71214,10,0,10,1011
2516,114.241036,22.717804,2,0,2,1011
2517,114.241127,22.709709,12,0,12,1011
2518,114.241301,22.747357,0,22,22,858
2519,114.241974,22.732458,2,0,2,1011
2520,114.241996,22.716239,12,0,12,1011
2521,114.242084,22.586272,10,0,10,1162
2522,114.242339,22.715112,3,0,3,1011
2523,114.242872,22.709421,3,0,3,996
2524,114.243,22.732252,2,0,2,1011
2525,114.243027,22.562833,6,0,6,1149
2526,114.243036,22.709987,30,0,30,1011
2527,114.243293,22.713534,12,0,12,1011
2528,114.243324,22.554576,6,0,6,1149
2529,114.244115,22.730787,6,0,6,1011
2530,114.244243,22.71329,24,0,24,1011
2531,114.244475,22.730364,3,0,3,1011
2532,114.244616,22.732235,3,0,3,1011
2533,114.245004,22.563638,12,0,12,1149
2534,114.245705,22.734357,12,0,12,855
2535,114.245841,22.737778,6,0,6,855
2536,114.246453,22.705488,20,0,20,862
2537,114.246943,22.724255,12,0,12,1009
2538,114.248762,22.72471,30,0,30,1009
2539,114.249002,22.728625,10,0,10,1009
2540,114.249952,22.72683,6,0,6,1009
2541,114.250392,22.737384,50,0,50,1009
2542,114.251243,22.588544,12,0,12,1159
2543,114.251401,22.730242,16,0,16,1009
2544,114.251401,22.730242,16,0,16,1009
2545,114.251442,22.710848,12,0,12,998
2546,114.251553,22.710296,24,0,24,998
2547,114.251684,22.740847,32,0,32,849
2548,114.251822,22.702422,12,0,12,862
2549,114.251971,22.588823,12,0,12,1159
2550,114.252148,22.713825,12,0,12,998
2551,114.253153,22.730557,12,0,12,1009
2552,114.253211,22.72995,12,0,12,1009
2553,114.25332,22.72878,10,0,10,1009
2554,114.253704,22.718253,13,0,13,998
2555,114.253868,22.744663,12,0,12,849
2556,114.254096,22.720502,12,0,12,998
2557,114.254368,22.723858,24,0,24,1009
2558,114.254868,22.589652,12,0,12,1159
2559,114.255957,22.744593,12,0,12,849
2560,114.256738,22.723698,25,0,25,1009
2561,114.256974,22.711901,12,0,12,998
2562,114.256999,22.71066,12,0,12,998
2563,114.257083,22.716504,9,0,9,998
2564,114.257202,22.591236,12,0,12,1159
2565,114.258971,22.591116,18,0,18,1159
2566,114.259261,22.587969,10,0,10,1159
2567,114.259875,22.583775,2,0,2,1160
2568,114.259926,22.584301,12,0,12,1160
2569,114.260001,22.589541,18,0,18,1159
2570,114.26076,22.584995,12,0,12,1159
2571,114.26138,22.681619,15,0,15,851
2572,114.26138,22.681619,15,0,15,851
2573,114.261394,22.587184,8,0,8,1159
2574,114.261518,22.68336,18,0,18,851
2575,114.261729,22.698774,10,0,10,862
2576,114.261801,22.734659,12,0,12,834
2577,114.261891,22.709426,12,0,12,998
2578,114.26201,22.684215,22,0,22,851
2579,114.262279,22.68423,42,0,42,851
2580,114.262472,22.688209,8,0,8,852
2581,114.262705,22.682075,45,0,45,851
2582,114.264172,22.717114,6,0,6,1000
2583,114.267006,22.714658,6,0,6,1000
2584,114.268374,22.729017,33,0,33,1000
2585,114.268467,22.720385,33,0,33,1000
2586,114.268533,22.720536,6,0,6,1000
2587,114.268881,22.72073,6,0,6,1000
2588,114.268913,22.720749,15,0,15,1000
2589,114.26997,22.71162,15,0,15,1000
2590,114.26997,22.71162,15,0,15,1000
2591,114.270027,22.722374,3,0,3,1000
2592,114.270844,22.75975,0,66,66,844
2593,114.270954,22.690942,24,0,24,862
2594,114.271119,22.721403,6,0,6,1000
2595,114.272211,22.712094,10,0,10,1000
2596,114.274033,22.721826,4,0,4,1000
2597,114.274132,22.722982,16,0,16,1000
2598,114.274373,22.724611,35,0,35,1000
2599,114.274465,22.723024,30,0,30,1000
2600,114.275801,22.58833,8,0,8,406
2601,114.276947,22.753096,18,0,18,849
2602,114.277985,22.749335,12,0,12,831
2603,114.278025,22.728334,6,0,6,835
2604,114.278078,22.586662,6,0,6,406
2605,114.278477,22.762841,25,0,25,844
2606,114.279129,22.750858,12,0,12,1056
2607,114.288835,22.721551,6,0,6,835
2608,114.288926,22.667192,15,0,15,882
2609,114.288969,22.667231,0,20,20,882
2610,114.290885,22.72561,6,0,6,832
2611,114.292425,22.725087,0,40,40,832
2612,114.294651,22.665218,0,5,5,882
2613,114.294972,22.665233,0,7,7,882
2614,114.295888,22.665786,0,4,4,882
2615,114.296664,22.730438,6,0,6,831
2616,114.297673,22.722859,30,0,30,832
2617,114.301752,22.764638,0,38,38,842
2618,114.302115,22.721307,38,0,38,1049
2619,114.302115,22.721307,39,0,39,1049
2620,114.302129,22.770918,10,0,10,842
2621,114.302313,22.768991,3,0,3,842
2622,114.302573,22.722118,42,0,42,1049
2623,114.30272,22.721584,72,0,72,1049
2624,114.303353,22.595913,8,0,8,408
2625,114.303523,22.772981,3,0,3,842
2626,114.304213,22.720146,48,0,48,1049
2627,114.305042,22.76682,56,0,56,842
2628,114.305042,22.76682,56,0,56,842
2629,114.305614,22.591606,16,0,16,408
2630,114.305921,22.600709,15,0,15,408
2631,114.307942,22.601194,6,0,6,408
2632,114.310679,22.599071,6,0,6,408
2633,114.313217,22.678093,6,0,6,883
2634,114.313226,22.668921,6,0,6,883
2635,114.313531,22.773076,18,0,18,842
2636,114.314467,22.599074,6,0,6,408
2637,114.316163,22.69996,12,0,12,848
2638,114.325699,22.689934,0,12,12,888
2639,114.325699,22.689934,22,0,22,888
2640,114.325699,22.689934,22,0,22,888
2641,114.327669,22.681133,48,0,48,888
2642,114.32911,22.673992,6,0,6,888
2643,114.334837,22.679867,10,0,10,888
2644,114.335077,22.701849,0,6,6,900
2645,114.338572,22.684618,36,0,36,888
2646,114.339263,22.685913,18,0,18,888
2647,114.342441,22.705786,9,0,9,900
2648,114.344313,22.708338,3,0,3,900
2649,114.344855,22.706446,3,0,3,902
2650,114.345528,22.709425,35,0,35,902
2651,114.345871,22.707601,32,0,32,902
2652,114.346185,22.689176,18,0,18,890
2653,114.35166,22.665823,88,0,88,881
2654,114.352429,22.71103,0,36,36,902
2655,114.36453,22.756606,6,0,6,893
2656,114.365898,22.758483,6,0,6,893
2657,114.365898,22.758483,6,0,6,893
2658,114.36632,22.703166,43,0,43,903
2659,114.370015,22.60667,11,0,11,1022
2660,114.372497,22.704461,14,0,14,903
2661,114.373092,22.731419,2,0,2,901
2662,114.373693,22.732276,3,0,3,901
2663,114.377207,22.705926,27,27,54,891
2664,114.380367,22.7286,50,0,50,901
2665,114.381276,22.721364,6,0,6,901
2666,114.381555,22.727204,6,0,6,901
2667,114.385619,22.75174,0,45,45,895
2668,114.387924,22.695699,1,0,1,886
2669,114.39222,22.707807,18,0,18,904
2670,114.399153,22.739581,21,0,21,897
2671,114.400048,22.702862,6,0,6,904
2672,114.400629,22.702681,30,0,30,904
2673,114.400987,22.702903,36,0,36,887
2674,114.40559,22.744758,0,4,4,897
2675,114.412132,22.773713,0,10,10,897
2676,114.414742,22.631017,9,0,9,943
2677,114.419455,22.627845,12,0,12,943
2678,114.478137,22.596409,13,0,13,952
2679,114.481163,22.601834,12,0,12,1037
2680,114.483345,22.509882,12,0,12,937
2681,114.493513,22.533926,10,0,10,937
2682,114.516991,22.592788,12,4,16,1037
